<?xml version="1.0" encoding="UTF-8"?>
<?xml-stylesheet href="http://feeds.feedburner.com/~d/styles/rss2full.xsl" type="text/xsl" media="screen"?><?xml-stylesheet href="http://feeds.feedburner.com/~d/styles/itemcontent.css" type="text/css" media="screen"?><!-- generator="wordpress/2.0.3" --><rss version="2.0" xmlns:content="http://purl.org/rss/1.0/modules/content/" xmlns:creativeCommons="http://backend.userland.com/creativeCommonsRssModule" xmlns:dc="http://purl.org/dc/elements/1.1/" xmlns:feedburner="http://rssnamespace.org/feedburner/ext/1.0" xmlns:wfw="http://wellformedweb.org/CommentAPI/">

<channel>
	<title>1 Pixel Out</title>
	<link>http://www.1pixelout.net</link>
	<description>ColdFusion, Mach-II &amp; other web things</description>
	<pubDate>Mon, 04 Sep 2006 21:02:00 +0000</pubDate>
	<generator>http://wordpress.org/?v=2.0.3</generator>
	<language>en</language>
			<creativeCommons:license>http://creativecommons.org/licenses/by/2.0/</creativeCommons:license><atom10:link href="http://feeds.feedburner.com/1pixelout" rel="self" type="application/rss+xml" xmlns:atom10="http://www.w3.org/2005/Atom"/><feedburner:browserFriendly>This is an XML content feed. It is intended to be viewed in a newsreader or syndicated to another site, subject to copyright and fair use.</feedburner:browserFriendly><item>
		<title>Minor update to Audio Player for WordPress</title>
		<link>http://feeds.feedburner.com/~r/1pixelout/~3/19290836/</link>
		<comments>http://www.1pixelout.net/2006/09/04/minor-update-to-audio-player-for-wordpress/#comments</comments>
		<pubDate>Mon, 04 Sep 2006 21:02:00 +0000</pubDate>
		<dc:creator>Martin</dc:creator>
		
	<category>General</category>
		<guid isPermaLink="false">http://www.1pixelout.net/2006/09/04/minor-update-to-audio-player-for-wordpress/</guid>
		<description><![CDATA[I have just released version 1.2.3 of my Audio Player plugin. This is a very minor update to offer a fix for users who are experiencing problems in Firefox. Prior to this version, the Flash player was embedded as a transparent movie. With certain WordPress themes, the player would be inert (the buttons would not [...]]]></description>
			<content:encoded><![CDATA[<p>I have just released version <strong>1.2.3</strong> of my <a href="http://www.1pixelout.net/code/audio-player-wordpress-plugin/">Audio Player</a> plugin. This is a very minor update to offer a fix for users who are experiencing problems in <strong>Firefox</strong>. Prior to this version, the Flash player was embedded as a transparent movie. With certain WordPress themes, the player would be inert (the buttons would not work). This version adds a new option to the admin panel for setting the background colour of the Flash object. By default, it is set to transparent. If the player doesn&#8217;t work in <strong>Firefox</strong>, set the background color to the actual colour of you blog pages.
</p>
]]></content:encoded>
			<wfw:commentRSS>http://www.1pixelout.net/2006/09/04/minor-update-to-audio-player-for-wordpress/feed/</wfw:commentRSS>
		<feedburner:origLink>http://www.1pixelout.net/2006/09/04/minor-update-to-audio-player-for-wordpress/</feedburner:origLink></item>
		<item>
		<title>Dave Spurr interview on WebWire</title>
		<link>http://feeds.feedburner.com/~r/1pixelout/~3/9171351/</link>
		<comments>http://www.1pixelout.net/2006/08/04/dave-spurr-interview-on-webwire/#comments</comments>
		<pubDate>Fri, 04 Aug 2006 12:13:31 +0000</pubDate>
		<dc:creator>Martin</dc:creator>
		
	<category>General</category>
		<guid isPermaLink="false">http://www.1pixelout.net/2006/08/04/dave-spurr-interview-on-webwire/</guid>
		<description><![CDATA[Ben Forta posted a link to an interview with Dave Spurr today. I know Dave quite well and even linked to some excellent work of his a few months ago. The reason I&#8217;m blogging about this is that I&#8217;m quite impressed that his name showed up on Forta&#8217;s blog but also to point out that [...]]]></description>
			<content:encoded><![CDATA[<p><strong><a title="Ben Forta's blog" href="http://www.forta.com/blog/">Ben Forta</a></strong> posted a <a title="Ben Forta's blog post" href="http://www.forta.com/blog/index.cfm/2006/8/3/Superbreak-Powered-By-ColdFusion">link</a> to an <a title="Interview on WebWire" href="http://webwire.com/ViewPressRel.asp?aId=17886">interview</a> with <strong>Dave Spurr</strong> today. I know Dave quite well and even linked to some <a title="Dave's JS Image Cropper" href="http://www.defusion.org.uk/code/javascript-image-cropper-ui-using-prototype-scriptaculous/">excellent work of his</a> a few months ago. The reason I&#8217;m blogging about this is that I&#8217;m quite impressed that his name showed up on <strong>Forta</strong>&#8217;s blog but also to point out that the post on <strong>WebWire</strong> doesn&#8217;t include a link to his <a title="Dave Spurr's blog" href="http://www.defusion.org.uk/">excellent blog</a>.
</p>
]]></content:encoded>
			<wfw:commentRSS>http://www.1pixelout.net/2006/08/04/dave-spurr-interview-on-webwire/feed/</wfw:commentRSS>
		<feedburner:origLink>http://www.1pixelout.net/2006/08/04/dave-spurr-interview-on-webwire/</feedburner:origLink></item>
		<item>
		<title>Need a JavaScript image cropper UI?</title>
		<link>http://feeds.feedburner.com/1pixelout?m=8</link>
		<comments>http://www.1pixelout.net/2006/05/25/need-a-javascript-image-cropper-ui/#comments</comments>
		<pubDate>Thu, 25 May 2006 15:57:53 +0000</pubDate>
		<dc:creator>Martin</dc:creator>
		
	<category>Javascript</category>
		<guid isPermaLink="false">http://www.1pixelout.net/2006/05/25/need-a-javascript-image-cropper-ui/</guid>
		<description><![CDATA[This is one tool to bookmark if you&#8217;re thinking of building an image cropper into one of your apps. It&#8217;s built with the Prototype and script.aculo.us frameworks (which I strongly recommend by the way), it has plenty of configuration options and it feels very slick. I love how the UI is an exact implementation of [...]]]></description>
			<content:encoded><![CDATA[<p>This is one tool to bookmark if you&#8217;re thinking of building an image cropper into one of your apps. It&#8217;s built with the <a title="Prototype framework" href="http://prototype.conio.net/">Prototype</a> and <a title="script.aculo.us" href="http://script.aculo.us/">script.aculo.us</a> frameworks (which I strongly recommend by the way), it has plenty of configuration options and it feels very slick. I love how the UI is an exact implementation of what you get in <span style="font-weight: bold">Photoshop</span> or any other commercial graphics package. Check <a title="JavaScript image cropper UI demo" href="http://www.defusion.org.uk/demos/060519/cropper.php">the demo</a> at <a title="Dave Spurr's blog" style="font-weight: bold" href="http://www.defusion.org.uk">Dave Spurr</a><a title="Dave Spurr's blog" href="http://www.defusion.org.uk">&#8217;s blog</a> or read more about it on his <a title="More about the JavaScript image cropper UI" href="http://www.defusion.org.uk/code/javascript-image-cropper-ui-using-prototype-scriptaculous/">doc page</a>.</p>
<p><a href="http://www.defusion.org.uk/demos/060519/cropper.php"><img id="image48" alt="JavaScript image cropper" src="http://www.1pixelout.net/wp-content/uploads/2006/05/jscropper.jpg" /></a>
</p>
]]></content:encoded>
			<wfw:commentRSS>http://www.1pixelout.net/2006/05/25/need-a-javascript-image-cropper-ui/feed/</wfw:commentRSS>
		<feedburner:origLink>http://www.1pixelout.net/2006/05/25/need-a-javascript-image-cropper-ui/</feedburner:origLink></item>
		<item>
		<title>Firebug: Must-have web development Firefox plugin</title>
		<link>http://feeds.feedburner.com/1pixelout?m=7</link>
		<comments>http://www.1pixelout.net/2006/03/30/firebug-must-have-web-development-firefox-plugin/#comments</comments>
		<pubDate>Thu, 30 Mar 2006 08:50:24 +0000</pubDate>
		<dc:creator>Martin</dc:creator>
		
	<category>Firefox</category>
		<guid isPermaLink="false">http://www.1pixelout.net/?p=46</guid>
		<description><![CDATA[I knew about this plugin already but I just upgraded to the latest version (0.3) and I believe it is now close to perfection. The best feature in my opinion is the inspector tab that lets you stroll though the source, style, layout, events and DOM. It also logs XmlHttpRequests for AJAX debugging and has [...]]]></description>
			<content:encoded><![CDATA[<p>I knew about this plugin already but I just upgraded to the latest version (0.3) and I believe it is now close to perfection. The best feature in my opinion is the inspector tab that lets you stroll though the source, style, layout, events and DOM. It also logs XmlHttpRequests for AJAX debugging and has a JavaScript console. I tried several FF plugins for debugging JavaScript and CSS in the past but this one has to be the best (until someone comes up with something even better of course).</p>
<p><img src="http://feeds.feedburner.com:80/wp-content/firebug.gif" width="420" height="312" alt="Firebug screenshot" /></p>
<p>Get it now from <a href="http://www.joehewitt.com/software/firebug/">JoeHewitt.com</a>.
</p>
]]></content:encoded>
			<wfw:commentRSS>http://www.1pixelout.net/2006/03/30/firebug-must-have-web-development-firefox-plugin/feed/</wfw:commentRSS>
		<feedburner:origLink>http://www.1pixelout.net/2006/03/30/firebug-must-have-web-development-firefox-plugin/</feedburner:origLink></item>
		<item>
		<title>Button widths in IE</title>
		<link>http://feeds.feedburner.com/1pixelout?m=6</link>
		<comments>http://www.1pixelout.net/2006/03/28/button-widths-in-ie/#comments</comments>
		<pubDate>Tue, 28 Mar 2006 11:55:37 +0000</pubDate>
		<dc:creator>Martin</dc:creator>
		
	<category>CSS</category>
		<guid isPermaLink="false">http://www.1pixelout.net/?p=45</guid>
		<description><![CDATA[Today, I finally came accross a fix for the ridiculous widths of form buttons in IE. Jehiah Czebotar came up with this solution and it works perfectly. No more rediculously wide IE buttons.

Update

To make Jehiah's solution work in "standards" mode, don't forget to add a unit to the dummy width rule for IE:

&#60;style&#62;
td { border:1px [...]]]></description>
			<content:encoded><![CDATA[<p>Today, I finally came accross a fix for the ridiculous widths of form buttons in IE. <a href="http://jehiah.com/">Jehiah Czebotar</a> came up with <a href="http://jehiah.com/archive/button-width-in-ie-revised">this solution</a> and it works perfectly. No more <a href="http://www.urbandictionary.com/define.php?term=rediculous&#038;r=f">rediculously</a> wide IE buttons.</p>

<h3>Update</h3>

<p>To make Jehiah's solution work in "standards" mode, don't forget to add a unit to the dummy width rule for IE:</p>

<pre><code>&lt;style&gt;
td { border:1px solid red; }
.button {
	margin:0;
	padding:0 .25em;
	width:auto;
	overflow:visible;
}
&lt;/style&gt;

&lt;!--[if IE]&gt;
&lt;style&gt;
.button { width:1<strong>px</strong>; }
&lt;/style&gt;
&lt;![endif]--&gt;</code></pre>]]></content:encoded>
			<wfw:commentRSS>http://www.1pixelout.net/2006/03/28/button-widths-in-ie/feed/</wfw:commentRSS>
		<feedburner:origLink>http://www.1pixelout.net/2006/03/28/button-widths-in-ie/</feedburner:origLink></item>
	</channel>
</rss>
