<?xml version="1.0" encoding="UTF-8"?>
<rss version="2.0">
<channel>
<title>CNN.com</title>
<link>http://www.cnn.com/rssclick/?section=cnn_topstories</link>
<description>CNN.com delivers up-to-the-minute news and information on the latest top stories, weather, entertainment, politics and more.</description>
<language>en-us</language>
<copyright>? 2006 Cable News Network LP, LLLP.</copyright>
<pubDate>Sun, 10 Sep 2006 17:12:01 EDT</pubDate>
<ttl>5</ttl>
<image>
<title>CNN.com</title>
<link>http://www.cnn.com/rssclick/?section=cnn_topstories</link>
<url>http://i.cnn.net/cnn/.element/img/1.0/logo/cnn.logo.rss.gif</url>
<width>144</width>
<height>33</height>
<description>CNN.com delivers up-to-the-minute news and information on the latest top stories, weather, entertainment, politics and more.</description>
</image>
<item>
<title>Bush lays ground zero wreath</title>
<link>http://www.cnn.com/rssclick/2006/US/09/10/bush.911.ap/index.html?section=cnn_topstories</link>
<description>Read full story for latest details.</description>
<pubDate>Sun, 10 Sep 2006 17:01:56 EDT</pubDate>
</item>
<item>
<title>Florence strengthens approaching Bermuda</title>
<link>http://www.cnn.com/rssclick/2006/WEATHER/09/10/bermuda.tropical.ap/index.html?section=cnn_topstories</link>
<description>Read full story for latest details.</description>
<pubDate>Sun, 10 Sep 2006 14:51:30 EDT</pubDate>
</item>
<item>
<title>6.0 quake in Gulf shakes Southeast</title>
<link>http://www.cnn.com/rssclick/2006/TECH/science/09/10/gulf.quake/index.html?section=cnn_topstories</link>
<description>A strong, 6.0 earthquake in the Gulf of Mexico was felt throughout the Southeast but caused no apparent damage, according to the U.S. Geological Survey.</description>
<pubDate>Sun, 10 Sep 2006 12:50:57 EDT</pubDate>
</item>
<item>
<title>Man flying to Yemen arrested after knife found</title>
<link>http://www.cnn.com/rssclick/2006/US/09/10/airport.arrest.ap/index.html?section=cnn_topstories</link>
<description>Read full story for latest details.</description>
<pubDate>Sun, 10 Sep 2006 13:43:44 EDT</pubDate>
</item>
<item>
<title>Freed U.S. reporter ready for 'enormous beer tab'</title>
<link>http://www.cnn.com/rssclick/2006/US/09/10/tribune.journalist.ap/index.html?section=cnn_topstories</link>
<description>Read full story for latest details.</description>
<pubDate>Sun, 10 Sep 2006 16:00:23 EDT</pubDate>
</item>
<item>
<title>Blessed are the rich?</title>
<link>http://www.cnn.com/rssclick/2006/US/09/10/time.cover.tm/index.html?section=cnn_topstories</link>
<description>A booming movement that began with Evangelical Christians holds to the belief that a God who loves you does not want you to be broke. In a Time poll, 17 percent of Christians surveyed said they considered themselves part of such a movement, while a full 61 percent believed that God wants people to be prosperous.The movement's renaissance has infuriated a number of prominent pastors, theologians and commentators. </description>
<pubDate>Sun, 10 Sep 2006 09:55:51 EDT</pubDate>
</item>
<item>
<title>Gas plummets as driving season ends</title>
<link>http://www.cnn.com/rssclick/money/2006/09/10/news/economy/gas_prices/index.htm?section=cnn_topstories</link>
<description>Gasoline prices plunged more than 21 cents a gallon over the past two weeks to a national average of $2.66 amid an abundant supply of fuel at service stations, a national survey said Sunday.</description>
<pubDate>Sun, 10 Sep 2006 16:03:33 EDT</pubDate>
</item>
<item>
<title>'The Covenant' tackles 'Invincible' </title>
<link>http://www.cnn.com/rssclick/2006/SHOWBIZ/Movies/09/10/box.office.ap/index.html?section=cnn_topstories</link>
<description>Read full story for latest details.</description>
<pubDate>Sun, 10 Sep 2006 16:07:59 EDT</pubDate>
</item>
</channel>
</rss>
