<?xml version="1.0" encoding="UTF-8"?>
<rss version="2.0">
			<channel>
			<title>Luis Majano's Java, Coldfusion &amp; More Blog</title>
			<link>http://www.luismajano.com/blog/index.cfm</link>
			<description>A blog about coldfusion, java, linux, technology, etc.</description>
			<language>en-us</language>
			<pubDate>Fri, 15 Sep 2006 14:05:26 -0400</pubDate>
			<lastBuildDate>Tue, 12 Sep 2006 11:47:00 -0400</lastBuildDate>
			<generator>BlogCFC</generator>
			<docs>http://blogs.law.harvard.edu/tech/rss</docs>
			<managingEditor>lmajano@gmail.com</managingEditor>
			<webMaster>lmajano@gmail.com</webMaster>
			
			
			
			
			
			<item>
				<title>Eclipse + SVN Users: SubEclipse or Subversive?</title>
				<link>http://www.luismajano.com/blog/index.cfm/2006/9/12/Eclipse--SVN-Users-SubEclipse-or-Subversive</link>
				<description>
				
				This is just a call for comments to see which eclipse SVN plugin people are using and why?

I personally use Subversive because it was the first choice that I found and it has worked great. I am running 1.1.0.M3
It is easy to integrate to repositories, browse, check out, etc.

&lt;ul&gt;
&lt;li&gt;What do you like of Subeclipse?&lt;/li&gt;
&lt;li&gt;How would they contrast each other?&lt;/li&gt;
&lt;li&gt;Which one do you prefer?&lt;/li&gt;
&lt;li&gt;What are the advantages?&lt;/li&gt;
&lt;/ul&gt;

If you have any comments, please post them.
				
				</description>
				
				<category>Eclipse</category>
				
				<category>SVN</category>
				
				<pubDate>Tue, 12 Sep 2006 11:47:00 -0400</pubDate>
				<guid>http://www.luismajano.com/blog/index.cfm/2006/9/12/Eclipse--SVN-Users-SubEclipse-or-Subversive</guid>
				
			</item>
			
		 	
			
			
			<item>
				<title>More Tools: Antelope an ANT Gui</title>
				<link>http://www.luismajano.com/blog/index.cfm/2006/9/12/More-Tools-Antelope-an-ANT-Gui</link>
				<description>
				
				I am just creating these entries for all people to share and I don't forget about these great tools.  I had never checked out the tigris site so much like today.

These tools are amazing!!

This is an ANT interface called Antelope.

&lt;a href="http://antelope.tigris.org/"&gt;http://antelope.tigris.org/&lt;/a&gt;

So check it out.
				
				</description>
				
				<category>Tools</category>
				
				<pubDate>Tue, 12 Sep 2006 11:41:00 -0400</pubDate>
				<guid>http://www.luismajano.com/blog/index.cfm/2006/9/12/More-Tools-Antelope-an-ANT-Gui</guid>
				
			</item>
			
		 	
			
			
			<item>
				<title>Argo UML a great UML documentation Tool</title>
				<link>http://www.luismajano.com/blog/index.cfm/2006/9/12/Argo-UML-a-great-UML-documentation-Tool</link>
				<description>
				
				If you like documentation like me!! Well, I guess I am kinda in the dark here since not many people like documentation.  This is the tool for you. I am now using it more and more.  It is called ArgoUML and you can find it here:

&lt;a href="http://argouml.tigris.org/"&gt;http://argouml.tigris.org/&lt;/a&gt;

It can be used either through Java Web Start or a full package download.  Give it a try and please DOCUMENT!!!

If you want people to use your software to build software, then document. Make it easy!!
				
				</description>
				
				<category>Java</category>
				
				<category>SVN</category>
				
				<pubDate>Tue, 12 Sep 2006 10:47:00 -0400</pubDate>
				<guid>http://www.luismajano.com/blog/index.cfm/2006/9/12/Argo-UML-a-great-UML-documentation-Tool</guid>
				
			</item>
			
		 	
			
			
			<item>
				<title>RapidSVN: Gui for SVN repo</title>
				<link>http://www.luismajano.com/blog/index.cfm/2006/9/12/RapidSVN-Gui-for-SVN-repo</link>
				<description>
				
				I was browsing the tigris.org site and came upon this tool: RapidSVN

&lt;a href="http://rapidsvn.tigris.org/"&gt;http://rapidsvn.tigris.org/&lt;/a&gt;

and it caught my eye because it has a Mac OS version.  I just downloaded it and started playing with it.  It is basic, but it gets the job done. Please check it out.
				
				</description>
				
				<category>Tools</category>
				
				<category>SVN</category>
				
				<pubDate>Tue, 12 Sep 2006 10:33:00 -0400</pubDate>
				<guid>http://www.luismajano.com/blog/index.cfm/2006/9/12/RapidSVN-Gui-for-SVN-repo</guid>
				
			</item>
			
		 	
			
			
			<item>
				<title>ColdBox: Bug #44 Please download &amp; BlueDragon Support</title>
				<link>http://www.luismajano.com/blog/index.cfm/2006/8/7/ColdBox-Bug-44-Please-download--BlueDragon-Support</link>
				<description>
				
				I just fixed a bug concerning the BugReport.cfm in the includes directory while I am working on full BlueDragon support for ColdBox.

You can view the bug report and download the fix from the following url:

&lt;a href="http://trac.luismajano.com/coldbox/ticket/44"&gt;http://trac.luismajano.com/coldbox/ticket/44&lt;/a&gt;

It is a simple bug of missing parenthesis.

&lt;h2&gt;Blue Dragon Support&lt;/h2&gt;

I am almost done with all the features except one, and wanted to give a shout for anybody who might direct me accordingly.

I have a utility that uses the &lt;b&gt;coldfusion.runtime.TemplateProxy&lt;/b&gt; java class to inspect cfc metadata.  However, this class does not exist in Blue Dragon.  Does anybody know the equivalent of this class in BlueDragon or if its even supported. I am testing under BlueDragon 6.2.1

Please let me know if you know about this issue.

Thanks.
				
				</description>
				
				<category>ColdBox</category>
				
				<pubDate>Mon, 07 Aug 2006 13:27:00 -0400</pubDate>
				<guid>http://www.luismajano.com/blog/index.cfm/2006/8/7/ColdBox-Bug-44-Please-download--BlueDragon-Support</guid>
				
			</item>
			
		 	
			
			
			<item>
				<title>Mac Tip: Quicksilver</title>
				<link>http://www.luismajano.com/blog/index.cfm/2006/8/4/Mac-Tip-Quicksilver</link>
				<description>
				
				I have just been using this excellent program called Quicksilver: you can find it in the address below:

&lt;a href="http://quicksilver.blacktree.com/" target="_blank"&gt;http://quicksilver.blacktree.com/&lt;/a&gt;

This is a utility for us, Software geeks, that we like to type.

&lt;blockquote&gt;
Quicksilver is a unified, extensible interface that lets you easily execute commands and manipulate data across almost every application on your computer.

Using Quicksilver, you can open applications, create an iCal event, play a song on iTunes, or email information from your Address Book to a friend.
&lt;/blockquote&gt;

You do all this by typing quick commands. Let me tell you this is AWESOME. It can really accelerate your work.

Below is the tutorials section:

&lt;a href="http://docs.blacktree.com/quicksilver/tutorials" target="_blank"&gt;http://docs.blacktree.com/quicksilver/tutorials&lt;/a&gt;

Please check them out, they will blow your mind.
				
				</description>
				
				<category>Mac</category>
				
				<category>Tools</category>
				
				<pubDate>Fri, 04 Aug 2006 14:11:00 -0400</pubDate>
				<guid>http://www.luismajano.com/blog/index.cfm/2006/8/4/Mac-Tip-Quicksilver</guid>
				
			</item>
			
		 	
			
			
			<item>
				<title>ColdBox: ColdFusion MX 6.X issues and support</title>
				<link>http://www.luismajano.com/blog/index.cfm/2006/7/26/ColdBox-ColdFusion-MX-6X-issues-and-support</link>
				<description>
				
				Support for ColdFusion 6.X will be on the next revision 1.0.3 plus other great features that you can &lt;a href="http://trac.luismajano.com/coldbox/milestone/1.0.3" target="_blank"&gt;check out here.&lt;/a&gt;  6.X has some issues that were shown into light by Aaron Conran.

You can download the zip in this post that contains a new settings.cfc, XMLParser.cfc, and Application.cfm. Just replace them in your system folder and also use the Application.cfm as a template for your applications, including the samples gallery.

Another drawback is that the Dashboard is only supported on CFMX 7.0 and above. If you can make it work for cfmx 6.X, then let me know.

&lt;a href="http://trac.luismajano.com/coldbox/query?status=new&amp;status=assigned&amp;status=reopened&amp;milestone=1.0.2"&gt;Issues with 6.X&lt;/a&gt; click on them to view them.
				
				</description>
				
				<category>ColdBox</category>
				
				<pubDate>Wed, 26 Jul 2006 20:01:00 -0400</pubDate>
				<guid>http://www.luismajano.com/blog/index.cfm/2006/7/26/ColdBox-ColdFusion-MX-6X-issues-and-support</guid>
				
				<enclosure length="7674" type="application/zip" url="http://www.luismajano.com/blog/enclosures/coldbox_cfmx6.1_support_patch.zip"/>
				
			</item>
			
		 	
			
			
			<item>
				<title>ColdBox Framework: Config.xml Tutorial Part II</title>
				<link>http://www.luismajano.com/blog/index.cfm/2006/7/19/ColdBox-Framework-Configxml-Tutorial-Part-II</link>
				<description>
				
				Yesterday, we went over the initial steps on the config.xml, &lt;a href="http://www.luismajano.com/blog/index.cfm/2006/7/18/ColdBox-Configxml-Tutorial-Part-I"&gt;click here to read it.&lt;/a&gt;  We went over the Settings element and all the configurations that ColdBox can do for you. Today we continue on reviewing the rest of the elements in this config file.

This is the full config.xml file:


&lt;code&gt;
&lt;?xml version="1.0" encoding="ISO-8859-1"?&gt;
&lt;Config xmlns:xsi="http://www.w3.org/2001/XMLSchema-instance"
 xsi:noNamespaceSchemaLocation="http://www.luismajano.com/projects/coldbox/schema/config.xsd"&gt;
&lt;Settings&gt;
	&lt;Setting name="AppName" 			value="Address Book"/&gt;
	&lt;Setting name="AppCFMXMapping" 			value="coldboxSamples/applications/Addressbook"/&gt;
	&lt;Setting name="DebugMode" 			value="false"/&gt;
	&lt;Setting name="DebugPassword" 			value="Coldbox"/&gt;
	&lt;Setting name="DumpVarActive" 			value="true"/&gt;
	&lt;Setting name="ColdfusionLogging" 		value="true"/&gt;
	&lt;Setting name="DefaultEvent" 			value="ehGeneral.dspStart"/&gt;
	&lt;Setting name="RequestStartHandler" 		value="ehGeneral.onRequestStart"/&gt;
	&lt;Setting name="RequestEndHandler" 		value="ehGeneral.onRequestEnd"/&gt;
	&lt;Setting name="ApplicationStartHandler"     	value="ehGeneral.onAppStart" /&gt;
	&lt;Setting name="OwnerEmail" 			value="cfcoldbox@gmail.com"/&gt;
	&lt;Setting name="EnableBugReports" 		value="true"/&gt;
	&lt;Setting name="UDFLibraryFile" 			value="includes/myudf.cfm" /&gt;	&lt;Setting name="CustomErrorTemplate" 		value="views/myerror.cfm"/&gt;	&lt;Setting name="ExceptionHandler" 		value="ehGeneral.onException"/&gt;
	&lt;Setting name="MessageboxStyleClass" 		value="MyMessagebox"/&gt;
	&lt;Setting name="HandlersIndexAutoReload" 	value="false"/&gt;
	&lt;Setting name="ConfigAutoReload" 		value="true"/&gt;		
&lt;/Settings&gt;

&lt;YourSettings&gt;
	&lt;Setting name="BlogDSN" value="my_blog" /&gt;
	&lt;Setting name="Maintenance_mode" value="true" /&gt;
	&lt;Setting name="Publish_emails" value="lmajano@gmail.com" /&gt;
&lt;/YourSettings&gt;

&lt;!--Optional,if blank it will use the CFMX administrator settings.--&gt;
&lt;MailServerSettings&gt;
	&lt;MailServer&gt;mail.server.com&lt;/MailServer&gt;
	&lt;MailUsername&gt;myusername&lt;MailUsername&gt;
	&lt;MailPassword&gt;mypassword&lt;MailPassword&gt;
&lt;/MailServerSettings&gt;

&lt;BugTracerReports&gt;
	&lt;BugEmail&gt;cfcoldbox@coldbox.com&lt;/BugEmail&gt;
	&lt;BugEmail&gt;joe@coldbox.com&lt;/BugEmail&gt;
	&lt;BugEmail&gt;luis@gmail.com&lt;/BugEmail&gt;
&lt;/BugTracerReports&gt;

&lt;DevEnvironments&gt;
	&lt;url&gt;dev&lt;/url&gt;
	&lt;url&gt;localhost&lt;/url&gt;
	&lt;url&gt;mydev&lt;/url&gt;
&lt;/DevEnvironments&gt;

&lt;WebServices&gt;
	&lt;WebService name="newsWS" DevURL="http://devurl.com/newsws.cfc?wsdl" URL="http://prourl.com/newsws.cfc?wsdl" /&gt;
	&lt;WebService name="emailValidator" URL="http://someip.com/validator.cfc?wsdl" /&gt;
&lt;/WebServices&gt;

&lt;Layouts&gt;
	&lt;DefaultLayout&gt;Layout.Main.cfm&lt;/DefaultLayout&gt;
	&lt;Layout name="popup_black" file="Layout.popup_black.cfm"&gt;
		&lt;View&gt;vwEmails&lt;/View&gt;
		&lt;View&gt;vwPhones&lt;/View&gt;
	&lt;/Layout&gt;
	&lt;Layout name="print" file="Layout.print.cfm"&gt;
		&lt;View&gt;vwContactBook&lt;/View&gt;
	&lt;/Layout&gt;
&lt;/Layouts&gt;

&lt;i18N&gt;
	&lt;DefaultResourceBundle&gt;includes/main&lt;/DefaultResourceBundle&gt;
	&lt;DefaultLocale&gt;en_US&lt;/DefaultLocale&gt;
	&lt;LocaleStorage&gt;session&lt;/LocaleStorage&gt;
&lt;/i18N&gt;

&lt;/Config&gt;
&lt;/code&gt;
				 [More]
				</description>
				
				<category>ColdBox</category>
				
				<pubDate>Wed, 19 Jul 2006 15:14:00 -0400</pubDate>
				<guid>http://www.luismajano.com/blog/index.cfm/2006/7/19/ColdBox-Framework-Configxml-Tutorial-Part-II</guid>
				
			</item>
			
		 	
			
			
			<item>
				<title>ColdBox: Dashboard Auto Update Video Tutorial</title>
				<link>http://www.luismajano.com/blog/index.cfm/2006/7/18/ColdBox-Dashboard-Auto-Update-Video-Tutorial</link>
				<description>
				
				I just uploaded a small video to youtube to demonstrate how easy it is to use the ColdBox Dashboard to auto update your ColdBox installation.

You can find the video here: 

&lt;a href="http://www.youtube.com/watch?v=bTbXiUeQOG0" target="_blank"&gt;http://www.youtube.com/watch?v=bTbXiUeQOG0&lt;/a&gt;

 

Or you can view it below, if the embedded video works:

 &lt;object width="425" height="350"&gt;&lt;param name="movie" value="http://www.youtube.com/v/bTbXiUeQOG0"&gt;&lt;/param&gt;&lt;embed src="http://www.youtube.com/v/bTbXiUeQOG0" type="application/x-shockwave-flash" width="425" height="350"&gt;&lt;/embed&gt;&lt;/object&gt;
				
				</description>
				
				<category>ColdBox</category>
				
				<pubDate>Tue, 18 Jul 2006 23:28:00 -0400</pubDate>
				<guid>http://www.luismajano.com/blog/index.cfm/2006/7/18/ColdBox-Dashboard-Auto-Update-Video-Tutorial</guid>
				
			</item>
			
		 	
			
			
			<item>
				<title>How does ColdBox compare to other Frameworks</title>
				<link>http://www.luismajano.com/blog/index.cfm/2006/7/18/How-does-ColdBox-compare-to-other-Frameworks</link>
				<description>
				
				On my last post, Sami Hoda, pointed out the following:

&lt;blockquote&gt;
How about an architectural comparison between Coldbox and other frameworks to give existing frameworks people perspective? 
&lt;/blockquote&gt;

And I think it is a great idea to give reference on what ColdBox can do and how does it compare to other frameworks. However, I do need some help from you (Developers) to post exactly what you want to compare. I can ramble and ramble, but I would prefer to get a listing of what exactly needs comparison.  So please post all your questions about this framework and I will start gathering the answers and posting them. Please try to be specific, give examples if possible, I have not used all the frameworks out there and I am no expert on any of them, except my own, :)

Here are some questions that I came up with:

&lt;ul&gt;
&lt;li&gt;What are ColdBox plugins?&lt;/li&gt;
&lt;li&gt;What is the difference between a ColdBox event handler and a Model Glue controller?&lt;/li&gt;
&lt;li&gt;How does model calls differ from ColdBox than Model Glue?&lt;/li&gt;
&lt;li&gt;How are views in ColdBox different than in Model Glue?&lt;/li&gt;
&lt;li&gt;Why does ColdBox have Layouts and views, while Model Glue only has views?&lt;/li&gt;
&lt;li&gt;Coldbox can use UDF libraries, can other framework use them?&lt;/li&gt;
&lt;li&gt;Do I code in my config.xml like Model Glue/Mach II in Coldbox&lt;/li&gt;
&lt;/ul&gt;

These are just some. So please bombard me with what needs answering, I will try my best to conjure up excellent answers.

Have a good night.
				
				</description>
				
				<category>ColdBox</category>
				
				<pubDate>Tue, 18 Jul 2006 18:55:00 -0400</pubDate>
				<guid>http://www.luismajano.com/blog/index.cfm/2006/7/18/How-does-ColdBox-compare-to-other-Frameworks</guid>
				
			</item>
			
		 	
			
			
			<item>
				<title>ColdBox: Config.xml Tutorial Part I</title>
				<link>http://www.luismajano.com/blog/index.cfm/2006/7/18/ColdBox-Configxml-Tutorial-Part-I</link>
				<description>
				
				This is Part I of a tutorial about the ColdBox config.xml  This introduces you to the framework settings and what you can define and do in ColdBox. You can find a sample config.xml below. We will go section by section, explain what each section does, how you can use it, and maybe you can give me feedback on future versions.  Also, you can find the schema documentation by using the link below:

&lt;a href="http://luismajano.com/projects/coldbox/documents/SchemaDocs/index.html" targe="_blank"&gt;http://luismajano.com/projects/coldbox/documents/SchemaDocs/index.html&lt;/a&gt;

A great place to start can also be found in the wiki: 
&lt;a href="http://trac.luismajano.com/coldbox/wiki/cbConfigGuide"&gt;http://trac.luismajano.com/coldbox/wiki/cbConfigGuide&lt;/a&gt;
				 [More]
				</description>
				
				<category>ColdBox</category>
				
				<pubDate>Tue, 18 Jul 2006 10:28:00 -0400</pubDate>
				<guid>http://www.luismajano.com/blog/index.cfm/2006/7/18/ColdBox-Configxml-Tutorial-Part-I</guid>
				
			</item>
			
		 	
			
			
			<item>
				<title>Coldbox Download Error, My Apologies</title>
				<link>http://www.luismajano.com/blog/index.cfm/2006/7/14/Coldbox-Download-Error-My-Apologies</link>
				<description>
				
				I just realized that the bundle upload was incorrect. You should now be able to download the coldbox bundle. My apologies, the file escaped my mind!!

Enjoy
				
				</description>
				
				<category>ColdBox</category>
				
				<pubDate>Fri, 14 Jul 2006 13:23:00 -0400</pubDate>
				<guid>http://www.luismajano.com/blog/index.cfm/2006/7/14/Coldbox-Download-Error-My-Apologies</guid>
				
			</item>
			
		 	
			
			
			<item>
				<title>ColdBox: 1.0.2 is now available.</title>
				<link>http://www.luismajano.com/blog/index.cfm/2006/7/14/ColdBox-102-is-now-available</link>
				<description>
				
				This new revision is now available for download. It includes the new JavaLoader cfc by Mark Mandel as a ColdBox plugin, a new sample application to show how to use the plugin, two fixes and mostly code cleanup.

The docs have been updated and so has the wiki.  In the future I will be mostly updating the wiki docs, and posting the documentation there.

So please give this revision a try. You can use the auto-update feature on the Dashboard or just simply download it.

&lt;a href="http://www.luismajano.com/projects/coldbox"&gt;Download ColdBox 1.0.2&lt;/a&gt;

I also noticed that Mr Ray Camden release a new galleon forums. So I will be updating the framework version of it to include his changes. Hopefully, by the time I finish, he still has not release a new one!! You are a machine!!hehe.

Enjoy
				
				</description>
				
				<category>ColdBox</category>
				
				<pubDate>Fri, 14 Jul 2006 11:06:00 -0400</pubDate>
				<guid>http://www.luismajano.com/blog/index.cfm/2006/7/14/ColdBox-102-is-now-available</guid>
				
			</item>
			
		 	
			
			
			<item>
				<title>Eclipse Video Tutorials</title>
				<link>http://www.luismajano.com/blog/index.cfm/2006/7/13/Eclipse-Video-Tutorials</link>
				<description>
				
				&lt;p&gt;I found these tutorials for Callisto on Eclipse that are very nice and can help any newbie setup eclipse and some great plugins and features.&lt;/p&gt;&lt;p&gt;Go to:&lt;/p&gt;&lt;p&gt;&lt;a href="http://www.eclipse.org/callisto/java.php" target="_blank"&gt;http://www.eclipse.org/callisto/java.php&lt;/a&gt;&amp;nbsp;&lt;/p&gt;&lt;p&gt;You will see them on the right hand side. They have tutorials on&lt;/p&gt;&lt;ul&gt;&lt;li&gt;Installing Eclipse SDK 3.2&lt;/li&gt;&lt;li&gt;Installing Features from the Callisto Discovery Site&lt;/li&gt;&lt;li&gt;Installing and using the Eclipse Visual Editor&lt;/li&gt;&lt;li&gt;Installing and Using the Eclipse Web Tools&lt;/li&gt;&lt;li&gt;Installing BIRT (Reporting)&lt;/li&gt;&lt;/ul&gt;&lt;p&gt;I just viewed them all and find them pretty great!!&lt;/p&gt;&lt;p&gt;&amp;nbsp;&lt;/p&gt;
				
				</description>
				
				<category>Eclipse</category>
				
				<pubDate>Thu, 13 Jul 2006 09:50:00 -0400</pubDate>
				<guid>http://www.luismajano.com/blog/index.cfm/2006/7/13/Eclipse-Video-Tutorials</guid>
				
			</item>
			
		 	
			
			
			<item>
				<title>ColdBox: 1.0.2 for Friday</title>
				<link>http://www.luismajano.com/blog/index.cfm/2006/7/12/ColdBox-102-for-Friday</link>
				<description>
				
				I will be releasing a minor update this Friday for ColdBox. This is special, because it now includes a &lt;a href="http://www.compoundtheory.com/?action=javaloader.index"&gt;JavaLoader CFC&lt;/a&gt; plug-in and it works great.  It remains true to the actual cfc, just a little bit simpler to use.  I will be including a new sample application to demonstrate how to use the JavaLoader cfc and updating the &lt;a href="http://trac.luismajano.com/coldbox"&gt;Wiki&lt;/a&gt;.

It also includes a fix for the CustomException Handler, it now has the exceptionBean in the request collection for usage if needed.  Code cleanup and removal of unused files that escaped my mind.

A good note about the CustomExceptionHandler receiving the ExceptionBean is that you can determine the type of error and determine what to do with it.

For example, all of the framework internals throw certain types of errors that can be handled by this exception handler.  ( ExceptionBean.getType() ) One that I use very often is: 

&lt;strong&gt;Framework.EventSyntaxInvalidException&lt;/strong&gt;

You can use this if the event being passed via the url is incorrect.

&lt;strong&gt;Framework.EventHandlerNotRegisteredException&lt;/strong&gt;

You can use this if the event that is tried to be executed is not a registered handler in the framework. You can then proceed to redirect or do the necessary steps to deal with this exception.

I will be posting this revision on Friday.  I would also welcome your feedback, you can comment here on this Blog, or use the &lt;a href="http://www.luismajano.com/forums"&gt;Forums&lt;/a&gt; or just email me at &lt;a href="mailto:cfcoldbox@gmail.com"&gt;cfColdBox@gmail.com&lt;/a&gt;

Enjoy
				
				</description>
				
				<category>ColdBox</category>
				
				<pubDate>Wed, 12 Jul 2006 10:35:00 -0400</pubDate>
				<guid>http://www.luismajano.com/blog/index.cfm/2006/7/12/ColdBox-102-for-Friday</guid>
				
			</item>
			
		 	
			</channel></rss>
