<?xml version="1.0" encoding="UTF-8"?>
<rdf:RDF xmlns="http://purl.org/rss/1.0/" xmlns:admin="http://webns.net/mvcb/" xmlns:cc="http://web.resource.org/cc/" xmlns:dc="http://purl.org/dc/elements/1.1/" xmlns:rdf="http://www.w3.org/1999/02/22-rdf-syntax-ns#" xmlns:syn="http://purl.org/rss/1.0/modules/syndication/" xmlns:taxo="http://purl.org/rss/1.0/modules/taxonomy/">

<channel rdf:about="http://del.icio.us/wencho">
<title>del.icio.us/wencho</title>
<link>http://del.icio.us/wencho</link>
<description/>
<items>
 <rdf:Seq>
  <rdf:li rdf:resource="http://digg.com/apple/10_Semi-Obscure_Mac_Programs_You_Shouldn_t_Be_Without"/>
  <rdf:li rdf:resource="http://www.dos.state.fl.us/doc/cor_t.html"/>
  <rdf:li rdf:resource="http://www.youtube.com/watch?v=zp-y3ZNaCqs"/>
  <rdf:li rdf:resource="http://simon.incutio.com/notes/2006/summit/schachter.txt"/>
  <rdf:li rdf:resource="http://www.keytlaw.com/Copyrights/wfhire.htm"/>
  <rdf:li rdf:resource="http://www.cfempire.com/"/>
  <rdf:li rdf:resource="http://stakeventures.com/articles/2005/11/29/bootstrap-anti-patterns-roundup-the-first-10"/>
  <rdf:li rdf:resource="http://blog.guykawasaki.com/2005/12/the_102030_rule.html"/>
  <rdf:li rdf:resource="http://www.reciprocality.org/Reciprocality/r0/index.html"/>
  <rdf:li rdf:resource="http://www.alistapart.com/articles/holygrail"/>
  <rdf:li rdf:resource="http://c.oneofthelads.com/carwash.php"/>
  <rdf:li rdf:resource="http://www.infoworld.com/advertise/online.html#lead"/>
  <rdf:li rdf:resource="http://www.garage.com/"/>
  <rdf:li rdf:resource="http://www.bigad.com.au/"/>
  <rdf:li rdf:resource="http://www.flock.com/fiveways/togetstarted/13.php"/>
  <rdf:li rdf:resource="http://www.corante.com/getreal/archives/2005/12/01/rss_readering_why_rss_readers_are_no_good_for_me_and_you_too_i_bet.php"/>
  <rdf:li rdf:resource="http://www.ticketmaster.com/artist/804553?list_view=1&amp;tm_link=tm_home_f3"/>
  <rdf:li rdf:resource="http://www.technologyreview.com/articles/05/10/wo/wo_101905burke.asp"/>
  <rdf:li rdf:resource="http://www.w3.org/2001/tag/doc/whenToUseGet-20030919"/>
  <rdf:li rdf:resource="http://www.brv.com/index.html"/>
  <rdf:li rdf:resource="http://www.leapfrogventures.com/"/>
  <rdf:li rdf:resource="http://www.sergiopereira.com/articles/prototype.js.html"/>
  <rdf:li rdf:resource="http://www.oreillynet.com/pub/a/oreilly/tim/news/2005/09/30/what-is-web-20.html?page=1"/>
  <rdf:li rdf:resource="http://www.runtime.org/gdb.htm"/>
  <rdf:li rdf:resource="http://www.ajaxian.com/archives/2005/09/20_css_tips_tri.html"/>
  <rdf:li rdf:resource="http://prototype.conio.net/"/>
  <rdf:li rdf:resource="http://www.faqs.org/rfcs/rfc2445.html"/>
  <rdf:li rdf:resource="http://www-csli.stanford.edu/~john/light.html"/>
  <rdf:li rdf:resource="http://www.urltrends.com/myurltrends/"/>
  <rdf:li rdf:resource="http://www.daxko.com/daxko-front.asp?ID=2"/>
  <rdf:li rdf:resource="http://www.genuinevc.com/"/>
 </rdf:Seq>
</items>
</channel>

<item rdf:about="http://digg.com/apple/10_Semi-Obscure_Mac_Programs_You_Shouldn_t_Be_Without">
<title>10 Semi-Obscure Mac Programs You Shouldn't Be Without</title>
<link>http://digg.com/apple/10_Semi-Obscure_Mac_Programs_You_Shouldn_t_Be_Without</link>
<dc:creator>wencho</dc:creator>
<dc:date>2006-02-24T05:11:40Z</dc:date>
<dc:subject>mac software</dc:subject>
<taxo:topics>
  <rdf:Bag>
    <rdf:li resource="http://del.icio.us/tag/mac"/>
    <rdf:li resource="http://del.icio.us/tag/software"/>
  </rdf:Bag>
</taxo:topics>
</item>

<item rdf:about="http://www.dos.state.fl.us/doc/cor_t.html">
<title>Florida Department of State - Division of Corporations</title>
<link>http://www.dos.state.fl.us/doc/cor_t.html</link>
<dc:creator>wencho</dc:creator>
<dc:date>2006-02-10T15:17:59Z</dc:date>
<dc:subject>business startup trademark</dc:subject>
<taxo:topics>
  <rdf:Bag>
    <rdf:li resource="http://del.icio.us/tag/business"/>
    <rdf:li resource="http://del.icio.us/tag/trademark"/>
    <rdf:li resource="http://del.icio.us/tag/startup"/>
  </rdf:Bag>
</taxo:topics>
</item>

<item rdf:about="http://www.youtube.com/watch?v=zp-y3ZNaCqs">
<title>YouTube - Crazy Multi-Input Touch Screen</title>
<link>http://www.youtube.com/watch?v=zp-y3ZNaCqs</link>
<dc:creator>wencho</dc:creator>
<dc:date>2006-02-10T13:55:32Z</dc:date>
<dc:subject>cool gadgets</dc:subject>
<taxo:topics>
  <rdf:Bag>
    <rdf:li resource="http://del.icio.us/tag/cool"/>
    <rdf:li resource="http://del.icio.us/tag/gadgets"/>
  </rdf:Bag>
</taxo:topics>
</item>

<item rdf:about="http://simon.incutio.com/notes/2006/summit/schachter.txt">
<title>Things to look out for when building a large application</title>
<link>http://simon.incutio.com/notes/2006/summit/schachter.txt</link>
<dc:creator>wencho</dc:creator>
<dc:date>2006-02-10T13:51:18Z</dc:date>
<dc:subject>developers tips web-development</dc:subject>
<taxo:topics>
  <rdf:Bag>
    <rdf:li resource="http://del.icio.us/tag/tips"/>
    <rdf:li resource="http://del.icio.us/tag/web-development"/>
    <rdf:li resource="http://del.icio.us/tag/developers"/>
  </rdf:Bag>
</taxo:topics>
</item>

<item rdf:about="http://www.keytlaw.com/Copyrights/wfhire.htm">
<title>Works  Made for Hire under Copyright Act</title>
<link>http://www.keytlaw.com/Copyrights/wfhire.htm</link>
<dc:creator>wencho</dc:creator>
<dc:date>2006-02-05T22:43:48Z</dc:date>
<dc:subject>copyright-law development software</dc:subject>
<taxo:topics>
  <rdf:Bag>
    <rdf:li resource="http://del.icio.us/tag/software"/>
    <rdf:li resource="http://del.icio.us/tag/copyright-law"/>
    <rdf:li resource="http://del.icio.us/tag/development"/>
  </rdf:Bag>
</taxo:topics>
</item>

<item rdf:about="http://www.cfempire.com/">
<title>coldfusion software company</title>
<link>http://www.cfempire.com/</link>
<dc:creator>wencho</dc:creator>
<dc:date>2006-02-02T21:27:07Z</dc:date>
</item>

<item rdf:about="http://stakeventures.com/articles/2005/11/29/bootstrap-anti-patterns-roundup-the-first-10">
<title>Bootstrap Anti Patterns roundup - the first 10</title>
<link>http://stakeventures.com/articles/2005/11/29/bootstrap-anti-patterns-roundup-the-first-10</link>
<dc:creator>wencho</dc:creator>
<dc:date>2006-02-02T19:17:28Z</dc:date>
<dc:subject>advice business-plan startups</dc:subject>
<taxo:topics>
  <rdf:Bag>
    <rdf:li resource="http://del.icio.us/tag/startups"/>
    <rdf:li resource="http://del.icio.us/tag/advice"/>
    <rdf:li resource="http://del.icio.us/tag/business-plan"/>
  </rdf:Bag>
</taxo:topics>
</item>

<item rdf:about="http://blog.guykawasaki.com/2005/12/the_102030_rule.html">
<title>Let the Good Times Roll--by Guy Kawasaki: The 10/20/30 Rule of PowerPoint</title>
<link>http://blog.guykawasaki.com/2005/12/the_102030_rule.html</link>
<dc:creator>wencho</dc:creator>
<dc:date>2006-02-02T18:09:30Z</dc:date>
<dc:subject>business-plans venture-capital</dc:subject>
<taxo:topics>
  <rdf:Bag>
    <rdf:li resource="http://del.icio.us/tag/venture-capital"/>
    <rdf:li resource="http://del.icio.us/tag/business-plans"/>
  </rdf:Bag>
</taxo:topics>
</item>

<item rdf:about="http://www.reciprocality.org/Reciprocality/r0/index.html">
<title>The Programmers Stone</title>
<link>http://www.reciprocality.org/Reciprocality/r0/index.html</link>
<dc:creator>wencho</dc:creator>
<dc:date>2006-02-02T14:06:58Z</dc:date>
<dc:subject>programming</dc:subject>
<taxo:topics>
  <rdf:Bag>
    <rdf:li resource="http://del.icio.us/tag/programming"/>
  </rdf:Bag>
</taxo:topics>
</item>

<item rdf:about="http://www.alistapart.com/articles/holygrail">
<title>A List Apart: Articles: In Search of the Holy Grail</title>
<link>http://www.alistapart.com/articles/holygrail</link>
<dc:creator>wencho</dc:creator>
<dc:date>2006-01-31T13:56:13Z</dc:date>
<dc:subject>techniques tips web</dc:subject>
<taxo:topics>
  <rdf:Bag>
    <rdf:li resource="http://del.icio.us/tag/web"/>
    <rdf:li resource="http://del.icio.us/tag/tips"/>
    <rdf:li resource="http://del.icio.us/tag/techniques"/>
  </rdf:Bag>
</taxo:topics>
</item>

<item rdf:about="http://c.oneofthelads.com/carwash.php">
<title>OneOfTheLads.com</title>
<link>http://c.oneofthelads.com/carwash.php</link>
<dc:creator>wencho</dc:creator>
<dc:date>2006-01-31T04:29:06Z</dc:date>
<dc:subject>funny</dc:subject>
<taxo:topics>
  <rdf:Bag>
    <rdf:li resource="http://del.icio.us/tag/funny"/>
  </rdf:Bag>
</taxo:topics>
</item>

<item rdf:about="http://www.infoworld.com/advertise/online.html#lead">
<title>InfoWorld - Information Technology Online Advertising Program Opportunities</title>
<link>http://www.infoworld.com/advertise/online.html#lead</link>
<dc:creator>wencho</dc:creator>
<dc:date>2006-01-26T20:08:23Z</dc:date>
<dc:subject>advertising marketing</dc:subject>
<taxo:topics>
  <rdf:Bag>
    <rdf:li resource="http://del.icio.us/tag/advertising"/>
    <rdf:li resource="http://del.icio.us/tag/marketing"/>
  </rdf:Bag>
</taxo:topics>
</item>

<item rdf:about="http://www.garage.com/">
<title>Venture capital firm, Guy Kawasaki</title>
<link>http://www.garage.com/</link>
<dc:creator>wencho</dc:creator>
<dc:date>2006-01-22T17:27:22Z</dc:date>
<dc:subject>startups venture-capital</dc:subject>
<taxo:topics>
  <rdf:Bag>
    <rdf:li resource="http://del.icio.us/tag/venture-capital"/>
    <rdf:li resource="http://del.icio.us/tag/startups"/>
  </rdf:Bag>
</taxo:topics>
</item>

<item rdf:about="http://www.bigad.com.au/">
<title>:::CARLTON UNITED BIG AD:::</title>
<link>http://www.bigad.com.au/</link>
<dc:creator>wencho</dc:creator>
<dc:date>2005-12-29T03:11:10Z</dc:date>
<dc:subject>advertising funny</dc:subject>
<taxo:topics>
  <rdf:Bag>
    <rdf:li resource="http://del.icio.us/tag/advertising"/>
    <rdf:li resource="http://del.icio.us/tag/funny"/>
  </rdf:Bag>
</taxo:topics>
</item>

<item rdf:about="http://www.flock.com/fiveways/togetstarted/13.php">
<title>Flock</title>
<link>http://www.flock.com/fiveways/togetstarted/13.php</link>
<dc:creator>wencho</dc:creator>
<dc:date>2005-12-23T14:42:30Z</dc:date>
</item>

<item rdf:about="http://www.corante.com/getreal/archives/2005/12/01/rss_readering_why_rss_readers_are_no_good_for_me_and_you_too_i_bet.php">
<title>RSS Readering: Why RSS Readers Are No Good For Me (And You, Too, I Bet). Get Real: Stowe Boyd's Soapbox</title>
<link>http://www.corante.com/getreal/archives/2005/12/01/rss_readering_why_rss_readers_are_no_good_for_me_and_you_too_i_bet.php</link>
<dc:creator>wencho</dc:creator>
<dc:date>2005-12-14T15:48:39Z</dc:date>
<dc:subject>ideas rssreaders web2.0</dc:subject>
<taxo:topics>
  <rdf:Bag>
    <rdf:li resource="http://del.icio.us/tag/rssreaders"/>
    <rdf:li resource="http://del.icio.us/tag/ideas"/>
    <rdf:li resource="http://del.icio.us/tag/web2.0"/>
  </rdf:Bag>
</taxo:topics>
</item>

<item rdf:about="http://www.ticketmaster.com/artist/804553?list_view=1&amp;tm_link=tm_home_f3">
<title>Official Ticketmaster site. World Famous Lipizzaner Stallions tickets, dates</title>
<link>http://www.ticketmaster.com/artist/804553?list_view=1&amp;tm_link=tm_home_f3</link>
<dc:creator>wencho</dc:creator>
<dc:date>2005-12-04T14:28:41Z</dc:date>
<dc:subject>shows todo</dc:subject>
<taxo:topics>
  <rdf:Bag>
    <rdf:li resource="http://del.icio.us/tag/todo"/>
    <rdf:li resource="http://del.icio.us/tag/shows"/>
  </rdf:Bag>
</taxo:topics>
</item>

<item rdf:about="http://www.technologyreview.com/articles/05/10/wo/wo_101905burke.asp">
<title>Web 2.0: Meet Venture Capital</title>
<link>http://www.technologyreview.com/articles/05/10/wo/wo_101905burke.asp</link>
<dc:creator>wencho</dc:creator>
<dc:date>2005-11-20T18:23:30Z</dc:date>
<dc:subject>vc venture web2.0</dc:subject>
<taxo:topics>
  <rdf:Bag>
    <rdf:li resource="http://del.icio.us/tag/vc"/>
    <rdf:li resource="http://del.icio.us/tag/web2.0"/>
    <rdf:li resource="http://del.icio.us/tag/venture"/>
  </rdf:Bag>
</taxo:topics>
</item>

<item rdf:about="http://www.w3.org/2001/tag/doc/whenToUseGet-20030919">
<title>URIs, Addressability, and the use of HTTP GET and POST</title>
<link>http://www.w3.org/2001/tag/doc/whenToUseGet-20030919</link>
<dc:creator>wencho</dc:creator>
<dc:date>2005-10-20T15:05:57Z</dc:date>
<dc:subject>architecture html web</dc:subject>
<taxo:topics>
  <rdf:Bag>
    <rdf:li resource="http://del.icio.us/tag/html"/>
    <rdf:li resource="http://del.icio.us/tag/web"/>
    <rdf:li resource="http://del.icio.us/tag/architecture"/>
  </rdf:Bag>
</taxo:topics>
</item>

<item rdf:about="http://www.brv.com/index.html">
<title>BlueRun Ventures | A Global Fund.</title>
<link>http://www.brv.com/index.html</link>
<dc:creator>wencho</dc:creator>
<dc:date>2005-10-18T21:42:03Z</dc:date>
<dc:subject>vc</dc:subject>
<taxo:topics>
  <rdf:Bag>
    <rdf:li resource="http://del.icio.us/tag/vc"/>
  </rdf:Bag>
</taxo:topics>
</item>

<item rdf:about="http://www.leapfrogventures.com/">
<title>About Leapfrog Ventures</title>
<link>http://www.leapfrogventures.com/</link>
<dc:creator>wencho</dc:creator>
<dc:date>2005-10-18T21:32:58Z</dc:date>
<dc:subject>capital vc venture</dc:subject>
<taxo:topics>
  <rdf:Bag>
    <rdf:li resource="http://del.icio.us/tag/vc"/>
    <rdf:li resource="http://del.icio.us/tag/venture"/>
    <rdf:li resource="http://del.icio.us/tag/capital"/>
  </rdf:Bag>
</taxo:topics>
</item>

<item rdf:about="http://www.sergiopereira.com/articles/prototype.js.html">
<title>Using prototype.js v1.3.1</title>
<link>http://www.sergiopereira.com/articles/prototype.js.html</link>
<dc:creator>wencho</dc:creator>
<dc:date>2005-10-12T14:18:50Z</dc:date>
<dc:subject>development javascript prototype tutorial web</dc:subject>
<taxo:topics>
  <rdf:Bag>
    <rdf:li resource="http://del.icio.us/tag/web"/>
    <rdf:li resource="http://del.icio.us/tag/javascript"/>
    <rdf:li resource="http://del.icio.us/tag/development"/>
    <rdf:li resource="http://del.icio.us/tag/tutorial"/>
    <rdf:li resource="http://del.icio.us/tag/prototype"/>
  </rdf:Bag>
</taxo:topics>
</item>

<item rdf:about="http://www.oreillynet.com/pub/a/oreilly/tim/news/2005/09/30/what-is-web-20.html?page=1">
<title>O'Reilly: What Is Web 2.0</title>
<link>http://www.oreillynet.com/pub/a/oreilly/tim/news/2005/09/30/what-is-web-20.html?page=1</link>
<dc:creator>wencho</dc:creator>
<dc:date>2005-10-10T17:19:36Z</dc:date>
<dc:subject>article web</dc:subject>
<taxo:topics>
  <rdf:Bag>
    <rdf:li resource="http://del.icio.us/tag/article"/>
    <rdf:li resource="http://del.icio.us/tag/web"/>
  </rdf:Bag>
</taxo:topics>
</item>

<item rdf:about="http://www.runtime.org/gdb.htm">
<title>GetDataBack - Data Recovery Software for all Windows File Systems</title>
<link>http://www.runtime.org/gdb.htm</link>
<dc:creator>wencho</dc:creator>
<dc:date>2005-10-05T13:52:01Z</dc:date>
<dc:subject>data recovery tools</dc:subject>
<taxo:topics>
  <rdf:Bag>
    <rdf:li resource="http://del.icio.us/tag/tools"/>
    <rdf:li resource="http://del.icio.us/tag/data"/>
    <rdf:li resource="http://del.icio.us/tag/recovery"/>
  </rdf:Bag>
</taxo:topics>
</item>

<item rdf:about="http://www.ajaxian.com/archives/2005/09/20_css_tips_tri.html">
<title>Ajaxian: 20 CSS Tips &amp; Tricks</title>
<link>http://www.ajaxian.com/archives/2005/09/20_css_tips_tri.html</link>
<dc:creator>wencho</dc:creator>
<dc:date>2005-09-27T14:10:35Z</dc:date>
<dc:subject>css developer tips web</dc:subject>
<taxo:topics>
  <rdf:Bag>
    <rdf:li resource="http://del.icio.us/tag/web"/>
    <rdf:li resource="http://del.icio.us/tag/developer"/>
    <rdf:li resource="http://del.icio.us/tag/tips"/>
    <rdf:li resource="http://del.icio.us/tag/css"/>
  </rdf:Bag>
</taxo:topics>
</item>

<item rdf:about="http://prototype.conio.net/">
<title>Prototype JavaScript Framework: Class-style OO, Ajax, and more</title>
<link>http://prototype.conio.net/</link>
<dc:creator>wencho</dc:creator>
<dc:date>2005-09-26T14:14:18Z</dc:date>
<dc:subject>framework javascript web</dc:subject>
<taxo:topics>
  <rdf:Bag>
    <rdf:li resource="http://del.icio.us/tag/web"/>
    <rdf:li resource="http://del.icio.us/tag/javascript"/>
    <rdf:li resource="http://del.icio.us/tag/framework"/>
  </rdf:Bag>
</taxo:topics>
</item>

<item rdf:about="http://www.faqs.org/rfcs/rfc2445.html">
<title>RFC 2445 (rfc2445) - Internet Calendaring and Scheduling Core Object Speci</title>
<link>http://www.faqs.org/rfcs/rfc2445.html</link>
<dc:creator>wencho</dc:creator>
<dc:date>2005-09-26T13:58:22Z</dc:date>
<dc:subject>calendar specification web</dc:subject>
<taxo:topics>
  <rdf:Bag>
    <rdf:li resource="http://del.icio.us/tag/web"/>
    <rdf:li resource="http://del.icio.us/tag/specification"/>
    <rdf:li resource="http://del.icio.us/tag/calendar"/>
  </rdf:Bag>
</taxo:topics>
</item>

<item rdf:about="http://www-csli.stanford.edu/~john/light.html">
<title>John Perry: Light Essays</title>
<link>http://www-csli.stanford.edu/~john/light.html</link>
<dc:creator>wencho</dc:creator>
<dc:date>2005-09-20T20:44:00Z</dc:date>
<dc:subject>essays funny jokes</dc:subject>
<taxo:topics>
  <rdf:Bag>
    <rdf:li resource="http://del.icio.us/tag/essays"/>
    <rdf:li resource="http://del.icio.us/tag/jokes"/>
    <rdf:li resource="http://del.icio.us/tag/funny"/>
  </rdf:Bag>
</taxo:topics>
</item>

<item rdf:about="http://www.urltrends.com/myurltrends/">
<title>UrlTrends :: View Any URLs Google PageRank, Alexa Rank, Popular Search Terms and Incoming Links</title>
<link>http://www.urltrends.com/myurltrends/</link>
<dc:creator>wencho</dc:creator>
<dc:date>2005-09-16T15:48:34Z</dc:date>
<dc:subject>analysis tool web</dc:subject>
<taxo:topics>
  <rdf:Bag>
    <rdf:li resource="http://del.icio.us/tag/web"/>
    <rdf:li resource="http://del.icio.us/tag/tool"/>
    <rdf:li resource="http://del.icio.us/tag/analysis"/>
  </rdf:Bag>
</taxo:topics>
</item>

<item rdf:about="http://www.daxko.com/daxko-front.asp?ID=2">
<title>DAXKO</title>
<link>http://www.daxko.com/daxko-front.asp?ID=2</link>
<dc:creator>wencho</dc:creator>
<dc:date>2005-09-15T13:28:59Z</dc:date>
<dc:subject>job web</dc:subject>
<taxo:topics>
  <rdf:Bag>
    <rdf:li resource="http://del.icio.us/tag/web"/>
    <rdf:li resource="http://del.icio.us/tag/job"/>
  </rdf:Bag>
</taxo:topics>
</item>

<item rdf:about="http://www.genuinevc.com/">
<title>Genuine VC</title>
<link>http://www.genuinevc.com/</link>
<dc:creator>wencho</dc:creator>
<dc:date>2005-09-13T16:01:01Z</dc:date>
<dc:subject>blog funding startups vc</dc:subject>
<taxo:topics>
  <rdf:Bag>
    <rdf:li resource="http://del.icio.us/tag/vc"/>
    <rdf:li resource="http://del.icio.us/tag/funding"/>
    <rdf:li resource="http://del.icio.us/tag/startups"/>
    <rdf:li resource="http://del.icio.us/tag/blog"/>
  </rdf:Bag>
</taxo:topics>
</item>

</rdf:RDF>
