<?xml version="1.0" encoding="UTF-8"?>
<rss version="2.0">
<channel>
<title>CNN.com</title>
<link>http://www.cnn.com/rssclick/?section=cnn_topstories</link>
<description>CNN.com delivers up-to-the-minute news and information on the latest top stories, weather, entertainment, politics and more.</description>
<language>en-us</language>
<copyright>? 2006 Cable News Network LP, LLLP.</copyright>
<pubDate>Mon, 19 Jun 2006 22:13:06 EDT</pubDate>
<ttl>5</ttl>
<image>
<title>CNN.com</title>
<link>http://www.cnn.com/rssclick/?section=cnn_topstories</link>
<url>http://i.cnn.net/cnn/.element/img/1.0/logo/cnn.logo.rss.gif</url>
<width>144</width>
<height>33</height>
<description>CNN.com delivers up-to-the-minute news and information on the latest top stories, weather, entertainment, politics and more.</description>
</image>
<item>
<title>Guard troops head to New Orleans</title>
<link>http://www.cnn.com/rssclick/2006/US/06/19/neworleans.shooting.ap/index.html?section=cnn_topstories</link>
<description>Read full story for latest details.</description>
<pubDate>Mon, 19 Jun 2006 21:36:25 EDT</pubDate>
</item>
<item>
<title>Missing soldier's family fear the worst</title>
<link>http://www.cnn.com/rssclick/2006/US/06/19/soldier.family/index.html?section=cnn_topstories</link>
<description>Relatives of 23-year-old Army Pfc. Kristian Menchaca reportedly abducted from a checkpoint in Iraq expressed dismay Monday over his predicament and hope that he would be released. An al Qaeda-linked group claimed on a Web site that it abducted Menchaca and Pfc. Thomas Lowell Tucker but the claim could not be verified.</description>
<pubDate>Mon, 19 Jun 2006 20:09:33 EDT</pubDate>
</item>
<item>
<title>U.S. soldiers charged with murdering prisoners</title>
<link>http://www.cnn.com/rssclick/2006/WORLD/meast/06/19/soldiers.charged/index.html?section=cnn_topstories</link>
<description>Three members of the 101st Airborne Division have been charged in connection with the deaths of three detainees during an operation near in southern Salaheddin province, Iraq, on May 9, the U.S. military announced Monday. A military news release said the charges in the case include murder, attempted murder, conspiracy, communicating a threat, and obstructing justice.</description>
<pubDate>Mon, 19 Jun 2006 21:51:39 EDT</pubDate>
</item>
<item>
<title>Abortion cases could lead to legal sea change</title>
<link>http://www.cnn.com/rssclick/2006/LAW/06/19/scotus.abortion/index.html?section=cnn_topstories</link>
<description>The Supreme Court has accepted a second case testing the constitutionality of a federal law banning a specific, controversial late-term abortion procedure critics call "partial birth" abortion.</description>
<pubDate>Mon, 19 Jun 2006 13:59:48 EDT</pubDate>
</item>
<item>
<title>Parts of Texas, Louisiana flooded</title>
<link>http://www.cnn.com/rssclick/2006/WEATHER/06/19/texas.rain.ap/index.html?section=cnn_topstories</link>
<description>Read full story for latest details.</description>
<pubDate>Mon, 19 Jun 2006 21:36:33 EDT</pubDate>
</item>
<item>
<title>Lance Armstrong attacks anti-doping chief</title>
<link>http://www.cnn.com/rssclick/si/2006/more/06/19/armstrong.pound/index.html?section=cnn_topstories</link>
<description>Seven-time Tour de France winner Lance Armstrong has called on the International Olympic Committee to take disciplinary action against the head of the World Anti-Doping Agency Dick Pound.</description>
<pubDate>Mon, 19 Jun 2006 02:06:21 EDT</pubDate>
</item>
<item>
<title>China aiming for a moonwalk</title>
<link>http://www.cnn.com/rssclick/2006/TECH/space/06/19/space.china.reut/index.html?section=cnn_topstories</link>
<description>Read full story for latest details.</description>
<pubDate>Mon, 19 Jun 2006 13:59:21 EDT</pubDate>
</item>
<item>
<title>Poll finds who people would vote against in 2008</title>
<link>http://www.cnn.com/rssclick/2006/POLITICS/06/19/poll.presidential/index.html?section=cnn_topstories</link>
<description>With the presidential election more than two years away, a CNN poll released Monday suggests that nearly half of Americans would "definitely vote against" Sen. Hillary Rodham Clinton.</description>
<pubDate>Mon, 19 Jun 2006 21:22:01 EDT</pubDate>
</item>
<item>
<title>Did murder accusation turn boy into teen killer?</title>
<link>http://www.cnn.com/rssclick/2006/LAW/06/19/young.accused.ap/index.html?section=cnn_topstories</link>
<description>Read full story for latest details.</description>
<pubDate>Mon, 19 Jun 2006 17:42:15 EDT</pubDate>
</item>
</channel>
</rss>
