<?xml version="1.0" encoding="UTF-8"?>
<rss version="2.0">
<channel>
<title>Adobe Labs</title>
<link>http://weblogs.macromedia.com/labs/</link>
<description>News and information on Adobe Labs.</description>
<language>en</language>
<copyright>Copyright 2006</copyright>
<lastBuildDate>Mon, 12 Jun 2006 21:01:00 -0800</lastBuildDate>
<generator>http://www.movabletype.org/?v=3.16</generator>
<docs>http://blogs.law.harvard.edu/tech/rss</docs> 

<item>
<title>Lightroom Beta 3 Released on Labs</title>
<description>Tonight on Adobe Labs we released the next version of Lightroom for the Mac. The beta 3 release includes support for several new raw camera foramts, and many new features and enhancements. Review the Release Notes for a complete list...</description>
<link>http://weblogs.macromedia.com/labs/archives/2006/06/lightroom_beta.cfm</link>
<guid>http://weblogs.macromedia.com/labs/archives/2006/06/lightroom_beta.cfm</guid>
<category>Updates</category>
<pubDate>Mon, 12 Jun 2006 21:01:00 -0800</pubDate>
</item>
<item>
<title>Spry Framework for Ajax Prerelease 1.1 Released on Labs</title>
<description>Earlier today we released an update to the Spry framework for Ajax that responds to several issues reported by users since the initial relase of the technology. A detailed change log is available for prerelease 1.1. Spry Overview Spry Download...</description>
<link>http://weblogs.macromedia.com/labs/archives/2006/06/spry_framework_1.cfm</link>
<guid>http://weblogs.macromedia.com/labs/archives/2006/06/spry_framework_1.cfm</guid>
<category>Updates</category>
<pubDate>Thu, 08 Jun 2006 23:50:51 -0800</pubDate>
</item>
<item>
<title>NoteTag Technology Released on Labs</title>
<description>Earlier today we released NoteTag on Adobe Labs. This technology is a proof-of-concept for a new project at Adobe currently code-named Kiwi. The Kiwi Project is an exploration of Read/Write RSS and Web 2.0 components for Adobe Flex and the...</description>
<link>http://weblogs.macromedia.com/labs/archives/2006/05/notetag_technol.cfm</link>
<guid>http://weblogs.macromedia.com/labs/archives/2006/05/notetag_technol.cfm</guid>
<category>Updates</category>
<pubDate>Fri, 26 May 2006 01:14:18 -0800</pubDate>
</item>
<item>
<title>Spry Framework for Ajax Released on Labs</title>
<description>The Spry framework for Ajax released on Adobe Labs today. The framework is a JavaScript library for web designers that provides functionality that allows designers to build pages that provide a richer experience for their users. It is designed to...</description>
<link>http://weblogs.macromedia.com/labs/archives/2006/05/spry_framework.cfm</link>
<guid>http://weblogs.macromedia.com/labs/archives/2006/05/spry_framework.cfm</guid>
<category>Updates</category>
<pubDate>Wed, 10 May 2006 19:39:43 -0800</pubDate>
</item>
<item>
<title>Flex 2 Beta 3 Released on Labs</title>
<description>Earlier today Flex 2 beta 3 was released on Labs. Beta 3 includes new versions of Flex Builder 2, Flex Data Services 2, Flex Charting 2, ActionScript 3.0, Flash Player 9 (formerly Flash Player 8.5) and the free Flex SDK....</description>
<link>http://weblogs.macromedia.com/labs/archives/2006/05/flex_2_beta_3_r.cfm</link>
<guid>http://weblogs.macromedia.com/labs/archives/2006/05/flex_2_beta_3_r.cfm</guid>
<category>Updates</category>
<pubDate>Mon, 08 May 2006 23:12:12 -0800</pubDate>
</item>
<item>
<title>Flex 2.0 Beta 2 Released on Labs</title>
<description>Today we announced the immediate availability of Flex 2.0 beta 2 on Adobe Labs. Eric Anderson has prepared a very informative New Features in Flex 2.0 Beta 2 article that is a must read for active users of beta 1....</description>
<link>http://weblogs.macromedia.com/labs/archives/2006/03/flex_20_beta_2.cfm</link>
<guid>http://weblogs.macromedia.com/labs/archives/2006/03/flex_20_beta_2.cfm</guid>
<category>Updates</category>
<pubDate>Tue, 21 Mar 2006 14:30:00 -0800</pubDate>
</item>
<item>
<title>XMP Toolkit 4.0 Released on Labs</title>
<description>A prerelease of the XMP Toolkit, version 4.0 was released on Adobe Labs on March 9th. The Adobe Extensible Metadata Platform (XMP) is a labeling technology that allows you to embed data about a file, known as metadata, into the...</description>
<link>http://weblogs.macromedia.com/labs/archives/2006/03/xmp_toolkit_40.cfm</link>
<guid>http://weblogs.macromedia.com/labs/archives/2006/03/xmp_toolkit_40.cfm</guid>
<category>Updates</category>
<pubDate>Sat, 11 Mar 2006 12:08:51 -0800</pubDate>
</item>
<item>
<title>Flex Ajax Bridge Released on Labs</title>
<description>Earlier today we released the Flex Ajax Bridge (FABridge) on Adobe Labs. With the FABridge you can make your ActionScript classes available to JavaScript without any additional coding. For more information, checkout What Is the Flex Ajax Bridge?, which includes...</description>
<link>http://weblogs.macromedia.com/labs/archives/2006/03/flex_ajax_bridg.cfm</link>
<guid>http://weblogs.macromedia.com/labs/archives/2006/03/flex_ajax_bridg.cfm</guid>
<category>Updates</category>
<pubDate>Wed, 08 Mar 2006 00:24:37 -0800</pubDate>
</item>
<item>
<title>ActionScript 3.0 Libraries Released on Labs</title>
<description>This week we released a new set of seven ActionScript 3.0 Libraries on Labs to assist the Flex user community with creating content using the Flex 2.0 beta. The projects are listed below: corelib FlexUnit Flickr Mappr RSS and Atom...</description>
<link>http://weblogs.macromedia.com/labs/archives/2006/03/actionscript_30_1.cfm</link>
<guid>http://weblogs.macromedia.com/labs/archives/2006/03/actionscript_30_1.cfm</guid>
<category>Updates</category>
<pubDate>Wed, 01 Mar 2006 17:53:20 -0800</pubDate>
</item>
<item>
<title>Flex 2.0 Beta 1 Now Available on Adobe Labs</title>
<description>As you may already know, the Flex 2.0 Beta 1 was announced today and released on Adobe Labs. The Flex 2.0 Beta 1 release includes refreshes of: * Flex Builder 2.0 * Flex Charting Components 2.0 and the following previously...</description>
<link>http://weblogs.macromedia.com/labs/archives/2006/02/flex_20_beta_1.cfm</link>
<guid>http://weblogs.macromedia.com/labs/archives/2006/02/flex_20_beta_1.cfm</guid>
<category>Updates</category>
<pubDate>Wed, 01 Feb 2006 17:19:32 -0800</pubDate>
</item>
<item>
<title>Request for Additional Flex 2 and Labs Feedback</title>
<description>If you downloaded the Flex 2 alpha from Adobe Labs, Adobe would like to get your feedback. Please take a few minutes to take our survey and let us know what you think about the Flex 2 alpha and the...</description>
<link>http://weblogs.macromedia.com/labs/archives/2006/01/request_for_add.cfm</link>
<guid>http://weblogs.macromedia.com/labs/archives/2006/01/request_for_add.cfm</guid>
<category>Updates</category>
<pubDate>Fri, 20 Jan 2006 22:23:33 -0800</pubDate>
</item>
<item>
<title>Adobe Lightroom Beta 1.1 Now Available on Labs</title>
<description>A refresh of the Adobe Lightroom beta 1 is now available on Labs. There is already some chatter on the General Discussion forum about the updated build as users are curious what is included in this point-release. Please see George...</description>
<link>http://weblogs.macromedia.com/labs/archives/2006/01/adobe_lightroom_1.cfm</link>
<guid>http://weblogs.macromedia.com/labs/archives/2006/01/adobe_lightroom_1.cfm</guid>
<category>Updates</category>
<pubDate>Mon, 16 Jan 2006 18:46:52 -0800</pubDate>
</item>
<item>
<title>Adobe Lightroom Public Beta Launches</title>
<description>As you may have noticed, the Adobe Lightroom public beta program opens today on Adobe (formerly Macromedia) Labs. Designed specifically to support the workflow of professional photographers, we're releasing Lightroom as a public beta in order to get your feedback...</description>
<link>http://weblogs.macromedia.com/labs/archives/2006/01/adobe_lightroom.cfm</link>
<guid>http://weblogs.macromedia.com/labs/archives/2006/01/adobe_lightroom.cfm</guid>
<category>Updates</category>
<pubDate>Mon, 09 Jan 2006 15:28:11 -0800</pubDate>
</item>
<item>
<title>Flash Lite 2 Update for Flash Professional 8 Preview Release</title>
<description>Happy New Year, Flash mobile developers! The Flash Lite 2 update for Flash Professional 8 is now available as a preview release on the Adobe Labs (formerly Macromedia Labs) website. Although it's being made available as a Windows-only download during...</description>
<link>http://weblogs.macromedia.com/labs/archives/2006/01/flash_lite_2_up.cfm</link>
<guid>http://weblogs.macromedia.com/labs/archives/2006/01/flash_lite_2_up.cfm</guid>
<category>Updates</category>
<pubDate>Mon, 02 Jan 2006 18:26:39 -0800</pubDate>
</item>
<item>
<title>Flex Builder 2 Usability Study - Completed</title>
<description>The Macromedia usability team has asked us to pass along their thanks to everyone who'd submitted feedback for the Flex Builder 2 Usability study, and to let you know that the study is finished now, so we'll be removing the...</description>
<link>http://weblogs.macromedia.com/labs/archives/2005/11/flex_builder_2.cfm</link>
<guid>http://weblogs.macromedia.com/labs/archives/2005/11/flex_builder_2.cfm</guid>
<category>Updates</category>
<pubDate>Tue, 29 Nov 2005 12:53:25 -0800</pubDate>
</item>


</channel>
</rss>
